timestamp,machine_id,cycle_time_sec,temperature_c,vibration_mm_s,error_code
30/09/2026 8:00,LINE_1,1.2,65,2,OK
30/09/2026 8:05,LINE_1,1.22,65.3,2.05,OK
30/09/2026 8:10,LINE_1,1.25,65.8,2.1,OK
30/09/2026 8:15,LINE_1,1.28,66.2,2.15,OK
30/09/2026 8:20,LINE_1,1.3,66.5,2.2,OK
30/09/2026 8:25,LINE_1,1.32,66.8,2.25,OK
30/09/2026 8:30,LINE_1,1.35,67.2,2.3,OK
30/09/2026 8:35,LINE_1,1.38,67.5,2.35,OK
30/09/2026 8:40,LINE_1,1.4,67.8,2.4,OK
30/09/2026 8:45,LINE_1,1.45,68.2,2.5,WARN
30/09/2026 8:50,LINE_1,1.5,68.5,2.6,WARN
30/09/2026 8:55,LINE_1,1.55,69,2.7,WARN
30/09/2026 9:00,LINE_1,1.6,69.5,2.8,WARN
30/09/2026 9:05,LINE_1,1.65,70,2.9,WARN
30/09/2026 9:10,LINE_1,1.7,70.5,3,WARN
30/09/2026 9:15,LINE_1,1.75,71,3.1,WARN
30/09/2026 9:20,LINE_1,1.8,71.5,3.2,WARN
30/09/2026 9:25,LINE_1,1.85,72,3.3,FAULT
30/09/2026 9:30,LINE_1,1.9,72.5,3.4,FAULT
30/09/2026 9:35,LINE_1,1.95,73,3.5,FAULT
30/09/2026 9:40,LINE_1,2,73.5,3.6,FAULT
30/09/2026 9:45,LINE_1,2.05,74,3.7,FAULT
30/09/2026 9:50,LINE_1,2.1,74.5,3.8,FAULT
30/09/2026 9:55,LINE_1,2.15,75,3.9,FAULT
30/09/2026 10:00,LINE_1,2.2,75.5,4,FAULT
30/09/2026 10:05,LINE_1,2.25,76,4.1,FAULT
30/09/2026 10:10,LINE_1,2.3,76.5,4.2,FAULT
30/09/2026 10:15,LINE_1,2.35,77,4.3,FAULT
30/09/2026 10:20,LINE_1,2.4,77.5,4.4,FAULT
30/09/2026 10:25,LINE_1,2.45,78,4.5,FAULT
30/09/2026 10:30,LINE_1,2.5,78.5,4.6,FAULT
30/09/2026 10:35,LINE_1,2.55,79,4.7,FAULT
30/09/2026 10:40,LINE_1,2.6,79.5,4.8,FAULT
30/09/2026 10:45,LINE_1,2.65,80,4.9,FAULT
30/09/2026 10:50,LINE_1,2.7,80.5,5,FAULT
30/09/2026 10:55,LINE_1,2.75,81,5.1,FAULT
30/09/2026 11:00,,,,,
30/09/2026 10:25,LINE_1,2.45,78,4.5,FAULT
30/09/2026 10:30,LINE_1,2.5,78.5,4.6,FAULT
30/09/2026 10:35,LINE_1,2.55,79,4.7,FAULT
30/09/2026 10:40,LINE_1,2.6,79.5,4.8,FAULT
30/09/2026 10:45,LINE_1,2.65,80,4.9,FAULT
30/09/2026 10:50,LINE_1,2.7,80.5,5,FAULT
30/09/2026 10:55,LINE_1,2.75,81,5.1,FAULT
,,,,,
