timestamp,machine_id,units_produced,scrap_units,downtime_min
30/09/2026 8:00,LINE_1,500,5,0
30/09/2026 8:05,LINE_1,495,5,0
30/09/2026 8:10,LINE_1,490,6,0
30/09/2026 8:15,LINE_1,485,6,0
30/09/2026 8:20,LINE_1,480,6,0
30/09/2026 8:25,LINE_1,475,7,0
30/09/2026 8:30,LINE_1,470,7,0
30/09/2026 8:35,LINE_1,465,7,0
30/09/2026 8:40,LINE_1,460,8,0
30/09/2026 8:45,LINE_1,440,10,2
30/09/2026 8:50,LINE_1,420,12,3
30/09/2026 8:55,LINE_1,400,14,4
30/09/2026 9:00,LINE_1,380,15,5
30/09/2026 9:05,LINE_1,360,16,6
30/09/2026 9:10,LINE_1,340,18,7
30/09/2026 9:15,LINE_1,320,20,8
30/09/2026 9:20,LINE_1,300,22,9
30/09/2026 9:25,LINE_1,280,24,10
30/09/2026 9:30,LINE_1,260,26,11
30/09/2026 9:35,LINE_1,240,28,12
30/09/2026 9:40,LINE_1,220,30,13
30/09/2026 9:45,LINE_1,200,32,14
30/09/2026 9:50,LINE_1,180,34,15
30/09/2026 9:55,LINE_1,160,36,16
30/09/2026 10:00,LINE_1,150,38,17
30/09/2026 10:05,LINE_1,140,40,18
30/09/2026 10:10,LINE_1,130,42,19
30/09/2026 10:15,LINE_1,120,44,20
30/09/2026 10:20,LINE_1,110,46,21
30/09/2026 10:25,LINE_1,100,48,22
30/09/2026 10:30,LINE_1,100,50,23
30/09/2026 10:35,LINE_1,100,52,24
30/09/2026 10:40,LINE_1,100,54,25
30/09/2026 10:45,LINE_1,100,56,26
30/09/2026 10:50,LINE_1,100,58,27
30/09/2026 10:55,LINE_1,100,60,28
30/09/2026 11:00,LINE_1,100,62,29
30/09/2026 11:05,LINE_1,100,64,30
30/09/2026 11:10,LINE_1,100,66,31
30/09/2026 11:15,LINE_1,100,68,32
30/09/2026 11:20,LINE_1,100,70,33
30/09/2026 11:25,LINE_1,100,72,34
30/09/2026 11:30,LINE_1,100,74,35
30/09/2026 11:35,LINE_1,100,76,36
30/09/2026 11:40,LINE_1,100,78,37
30/09/2026 11:45,LINE_1,100,80,38
30/09/2026 11:50,LINE_1,100,82,39
30/09/2026 11:55,LINE_1,100,84,40
30/09/2026 12:00,LINE_1,100,86,41
30/09/2026 12:05,LINE_1,100,88,42
30/09/2026 12:10,LINE_1,100,90,43
30/09/2026 12:15,LINE_1,100,92,44
30/09/2026 12:20,LINE_1,100,94,45
30/09/2026 12:25,LINE_1,100,96,46
30/09/2026 12:30,LINE_1,100,98,47
30/09/2026 12:35,LINE_1,100,100,48
30/09/2026 12:40,LINE_1,100,102,49
30/09/2026 12:45,LINE_1,100,104,50
30/09/2026 12:50,LINE_1,100,106,51
30/09/2026 12:55,LINE_1,100,108,52
30/09/2026 13:00,LINE_1,100,110,53
30/09/2026 13:05,LINE_1,100,112,54
30/09/2026 13:10,LINE_1,100,114,55
30/09/2026 13:15,LINE_1,100,116,56
30/09/2026 13:20,LINE_1,100,118,57
30/09/2026 13:25,LINE_1,100,120,58
30/09/2026 13:30,LINE_1,100,122,59
30/09/2026 13:35,LINE_1,100,124,60
30/09/2026 13:40,LINE_1,100,126,61
30/09/2026 13:45,LINE_1,100,128,62
30/09/2026 13:50,LINE_1,100,130,63
30/09/2026 13:55,LINE_1,100,132,64
30/09/2026 14:00,LINE_1,100,134,65
30/09/2026 14:05,LINE_1,100,136,66
30/09/2026 14:10,LINE_1,100,138,67
30/09/2026 14:15,LINE_1,100,140,68
30/09/2026 14:20,LINE_1,100,142,69
30/09/2026 14:25,LINE_1,100,144,70
30/09/2026 14:30,LINE_1,100,146,71
30/09/2026 14:35,LINE_1,100,148,72
30/09/2026 14:40,LINE_1,100,150,73
